Date,Symbol,Series,Prev Close,Open,High,Low,Last,Close,VWAP,Volume,Turnover,Trades,Deliverable Volume,%Deliverble
2020-01-01,BANKBARODA,EQ,101.9,102.25,102.7,101.3,102.0,101.9,101.93,12896434,131450892845000.0,27102,1106315,0.0858
2020-01-02,BANKBARODA,EQ,101.9,102.1,104.85,101.75,104.45,104.45,103.29,18704405,193198752055000.0,42432,2480926,0.1326
2020-01-03,BANKBARODA,EQ,104.45,103.95,103.95,100.1,101.25,100.85,101.93,24439056,249106614194999.97,55406,4308223,0.17629999999999998
2020-01-06,BANKBARODA,EQ,100.85,99.95,99.95,95.35,95.8,95.8,96.72,30549236,295485271175000.0,70780,6614515,0.2165
2020-01-07,BANKBARODA,EQ,95.8,97.6,98.15,94.75,96.0,96.15,96.44,31124816,300153434800000.0,67721,3647586,0.11720000000000001
2020-01-08,BANKBARODA,EQ,96.15,94.0,95.8,93.5,95.1,95.3,94.82,26770478,253848813294999.97,55321,1786923,0.0667
2020-01-09,BANKBARODA,EQ,95.3,97.25,98.0,96.55,97.2,97.3,97.38,21511429,209473286165000.0,48279,2901560,0.1349
2020-01-10,BANKBARODA,EQ,97.3,97.75,98.95,96.65,96.85,97.05,97.73,22583687,220709981000000.0,53013,1650105,0.0731
2020-01-13,BANKBARODA,EQ,97.05,97.4,98.1,97.0,97.6,97.55,97.53,15182504,148072821700000.0,31193,1017380,0.067
2020-01-14,BANKBARODA,EQ,97.55,97.9,98.7,96.45,97.9,97.8,97.76,14721468,143922887370000.0,34354,1324821,0.09
2020-01-15,BANKBARODA,EQ,97.8,97.6,98.3,96.3,98.05,98.0,97.42,17552783,171003747305000.0,38423,1518831,0.08650000000000001
2020-01-16,BANKBARODA,EQ,98.0,98.0,99.0,97.35,97.55,97.65,98.15,15395112,151101246390000.0,33619,1228641,0.07980000000000001
2020-01-17,BANKBARODA,EQ,97.65,96.0,98.25,95.1,97.3,97.35,97.24,16846301,163811393775000.0,35375,1034536,0.061399999999999996
2020-01-20,BANKBARODA,EQ,97.35,97.85,97.85,94.3,94.5,94.7,95.72,20296585,194272189090000.0,47021,3718882,0.1832
2020-01-21,BANKBARODA,EQ,94.7,94.7,95.7,94.1,94.8,94.75,94.88,16440135,155989760255000.0,39772,1650652,0.10039999999999999
2020-01-22,BANKBARODA,EQ,94.75,95.5,95.75,93.5,94.4,94.3,94.37,16534303,156041266855000.0,39152,2658379,0.1608
2020-01-23,BANKBARODA,EQ,94.3,94.2,96.25,94.0,95.25,94.9,95.31,17790397,169561437770000.0,39161,2147682,0.1207
2020-01-24,BANKBARODA,EQ,94.9,95.0,96.55,94.85,95.45,95.6,95.76,21508398,205966533235000.0,50269,3401519,0.15810000000000002
2020-01-27,BANKBARODA,EQ,95.6,93.25,93.9,92.0,92.6,92.35,92.72,44570494,413237827625000.0,104988,10107367,0.2268
2020-01-28,BANKBARODA,EQ,92.35,92.65,93.75,92.25,93.55,93.2,92.88,23833458,221355243450000.0,45729,5710628,0.2396
2020-01-29,BANKBARODA,EQ,93.2,93.75,94.2,93.35,93.65,93.7,93.72,14424795,135189146525000.0,27058,1626579,0.1128
2020-01-30,BANKBARODA,EQ,93.7,93.5,93.55,92.0,93.0,93.1,92.73,18403471,170652491450000.0,36972,3284501,0.17850000000000002
2020-01-31,BANKBARODA,EQ,93.1,93.5,94.1,92.4,92.45,92.7,93.26,22498038,209808896110000.0,42699,3818615,0.1697
2020-02-01,BANKBARODA,EQ,92.7,92.7,93.25,88.1,88.45,89.3,91.27,16187871,147750441620000.0,38411,2964136,0.18309999999999998
2020-02-03,BANKBARODA,EQ,89.3,88.9,89.3,85.4,85.9,85.9,86.89,27702836,240710823780000.03,79940,5977690,0.2158
2020-02-04,BANKBARODA,EQ,85.9,86.8,87.9,86.1,87.05,87.1,87.09,21444489,186764656670000.0,45540,3168571,0.1478
2020-02-05,BANKBARODA,EQ,87.1,87.5,88.7,87.0,88.25,88.15,87.94,18282043,160777162310000.0,36303,1985948,0.1086
2020-02-06,BANKBARODA,EQ,88.15,88.6,92.5,88.0,91.55,91.65,90.44,31183865,282040437830000.0,65965,4186155,0.1342
2020-02-07,BANKBARODA,EQ,91.65,91.55,92.75,90.25,91.95,92.05,91.8,19744328,181259001310000.0,40116,1064389,0.053899999999999997
2020-02-10,BANKBARODA,EQ,92.05,91.85,92.3,89.6,90.1,90.1,90.68,12920134,117166092620000.0,31583,920913,0.0713
2020-02-11,BANKBARODA,EQ,90.1,90.8,91.6,90.0,90.35,90.35,90.82,10892762,98925293275000.0,24035,905359,0.08310000000000001
2020-02-12,BANKBARODA,EQ,90.35,90.55,91.2,87.55,88.25,88.25,89.01,15597107,138834713884999.98,38302,1719099,0.11019999999999999
2020-02-13,BANKBARODA,EQ,88.25,88.25,89.1,87.75,88.1,88.05,88.37,14891172,131594367850000.0,28989,1690878,0.1135
2020-02-14,BANKBARODA,EQ,88.05,88.15,88.95,86.1,86.4,86.45,87.37,15401905,134566652384999.98,32088,2191300,0.1423
2020-02-17,BANKBARODA,EQ,86.45,85.3,86.35,82.0,82.25,82.3,83.6,22256419,186062837510000.0,55335,5238297,0.2354
2020-02-18,BANKBARODA,EQ,82.3,82.25,82.4,78.2,81.0,81.0,80.04,28227097,225921997290000.0,78859,4326232,0.1533
2020-02-19,BANKBARODA,EQ,81.0,81.7,82.6,80.2,80.95,81.1,81.15,15937963,129335780005000.0,35124,1232031,0.07730000000000001
2020-02-20,BANKBARODA,EQ,81.1,80.35,83.25,80.3,82.3,82.25,81.95,18131343,148582463370000.0,39573,1644020,0.0907
2020-02-24,BANKBARODA,EQ,82.25,80.9,82.1,79.7,80.05,79.9,80.96,15685366,126988817540000.02,32639,2228157,0.1421
2020-02-25,BANKBARODA,EQ,79.9,80.5,81.2,79.4,80.1,80.05,80.27,13755466,110415309050000.0,29560,782215,0.056900000000000006
2020-02-26,BANKBARODA,EQ,80.05,79.25,81.05,79.05,80.35,80.2,80.16,15584386,124920805180000.0,29435,1466395,0.0941
2020-02-27,BANKBARODA,EQ,80.2,80.0,80.35,77.2,78.0,78.3,78.41,23401192,183496393340000.0,48616,3860950,0.165
2020-02-28,BANKBARODA,EQ,78.3,76.4,77.6,73.3,76.7,76.3,75.96,34963801,265569328715000.0,75067,7153586,0.2046
2020-03-02,BANKBARODA,EQ,76.3,77.5,78.35,70.35,70.9,71.15,74.58,40961015,305498633315000.0,68502,9310297,0.2273
2020-03-03,BANKBARODA,EQ,71.15,71.25,73.4,71.0,73.15,72.9,72.24,23348154,168672033425000.0,52827,2632512,0.1128
2020-03-04,BANKBARODA,EQ,72.9,73.05,74.15,71.25,73.4,73.3,72.56,24339350,176600082970000.0,49448,2580627,0.106
2020-03-05,BANKBARODA,EQ,73.3,73.2,75.35,70.65,73.35,73.65,73.42,27590830,202566685515000.0,59804,2152150,0.078
2020-03-06,BANKBARODA,EQ,73.65,69.8,72.65,68.75,71.6,71.75,71.41,22864611,163277114925000.0,43441,5358720,0.23440000000000003
2020-03-09,BANKBARODA,EQ,71.75,69.7,72.6,68.5,69.2,69.35,70.41,25784509,181549951090000.0,63778,5555913,0.21550000000000002
2020-03-11,BANKBARODA,EQ,69.35,69.75,70.65,65.3,65.4,66.6,68.48,26739880,183108210785000.0,59483,5532328,0.20690000000000003
2020-03-12,BANKBARODA,EQ,66.6,62.1,62.95,56.15,56.7,56.65,59.56,34996609,208441611245000.0,86171,6334530,0.18100000000000002
2020-03-13,BANKBARODA,EQ,56.65,51.05,66.35,46.5,66.2,65.35,60.42,47239305,285401244080000.0,115424,11134053,0.23570000000000002
2020-03-16,BANKBARODA,EQ,65.35,62.0,64.45,60.3,63.5,63.7,62.97,26404821,166277698495000.0,68277,3955694,0.14980000000000002
2020-03-17,BANKBARODA,EQ,63.7,63.8,69.6,62.15,64.65,66.15,66.56,31265474,208108255020000.0,82785,5458144,0.1746
2020-03-18,BANKBARODA,EQ,66.15,66.0,67.3,63.0,65.0,65.15,65.0,31395519,204058202285000.0,83006,7207259,0.22960000000000003
2020-03-19,BANKBARODA,EQ,65.15,60.3,69.0,60.2,62.05,61.45,64.18,40171354,257819631415000.0,100607,10888329,0.271
2020-03-20,BANKBARODA,EQ,61.45,62.05,66.9,61.85,63.25,63.25,64.11,31616861,202710728925000.0,95549,4924879,0.1558
2020-03-23,BANKBARODA,EQ,63.25,57.5,60.95,52.9,53.45,53.85,55.13,17303722,95397423345000.0,70183,6314699,0.3649
2020-03-24,BANKBARODA,EQ,53.85,55.05,56.9,51.7,55.9,55.4,54.78,19142565,104864443315000.0,84952,2805381,0.1466
2020-03-25,BANKBARODA,EQ,55.4,53.1,59.95,52.8,59.2,58.2,57.2,24727759,141449761065000.0,116041,6123128,0.24760000000000001
2020-03-26,BANKBARODA,EQ,58.2,59.2,60.05,54.75,55.8,55.95,57.39,30819558,176872710485000.0,99986,8064208,0.26170000000000004
2020-03-27,BANKBARODA,EQ,55.95,57.3,61.5,53.35,53.8,54.35,57.01,38984067,222245529755000.03,121811,7009184,0.17980000000000002
2020-03-30,BANKBARODA,EQ,54.35,52.1,53.85,51.3,52.3,52.45,52.57,18353478,96487244790000.0,55104,4069111,0.2217
2020-03-31,BANKBARODA,EQ,52.45,53.4,56.2,51.6,56.0,53.55,52.55,22322052,117301411440000.02,67696,6153079,0.2757
2020-04-01,BANKBARODA,EQ,53.55,54.0,54.35,50.8,51.25,51.25,51.75,16340613,84561060050000.0,62068,4049389,0.24780000000000002
2020-04-03,BANKBARODA,EQ,51.25,51.25,51.3,48.5,48.6,48.7,49.48,20739757,102620040310000.0,66487,6894032,0.33240000000000003
2020-04-07,BANKBARODA,EQ,48.7,50.25,50.9,47.7,48.0,48.15,48.55,25467272,123652718540000.02,79757,8330499,0.3271
2020-04-08,BANKBARODA,EQ,48.15,48.0,51.5,47.3,48.45,48.35,49.34,27159204,134010371634999.98,77070,3236560,0.1192
2020-04-09,BANKBARODA,EQ,48.35,49.0,51.9,48.8,50.7,50.9,50.3,26081928,131187818940000.02,79886,4335836,0.16620000000000001
2020-04-13,BANKBARODA,EQ,50.9,50.9,51.2,48.7,49.65,49.85,49.61,14157206,70231207310000.0,50041,2473103,0.1747
2020-04-15,BANKBARODA,EQ,49.85,50.2,51.9,48.5,49.05,48.95,50.38,20243132,101983078520000.0,57550,3970190,0.1961
2020-04-16,BANKBARODA,EQ,48.95,49.15,50.2,48.25,49.7,49.6,49.36,19193391,94739466370000.0,54357,3681856,0.1918
2020-04-17,BANKBARODA,EQ,49.6,51.25,52.35,49.05,50.2,50.2,50.52,35113747,177383783435000.0,96344,9230762,0.2629
2020-04-20,BANKBARODA,EQ,50.2,51.0,53.2,49.65,51.15,51.2,51.51,47815278,246317624530000.03,128289,9011332,0.18850000000000003
2020-04-21,BANKBARODA,EQ,51.2,49.8,50.0,48.4,48.45,48.55,48.96,23452461,114813847820000.0,64444,6504170,0.2773
2020-04-22,BANKBARODA,EQ,48.55,48.5,48.75,47.0,48.5,48.3,47.85,26228382,125508213450000.0,75211,5553687,0.21170000000000003
2020-04-23,BANKBARODA,EQ,48.3,48.6,49.2,48.0,48.35,48.45,48.58,16711767,81181312490000.0,59246,2652505,0.1587
2020-04-24,BANKBARODA,EQ,48.45,47.65,48.0,46.1,46.4,46.35,47.09,18988577,89411816840000.0,65730,6233363,0.3283
2020-04-27,BANKBARODA,EQ,46.35,47.25,47.8,46.55,46.6,46.75,47.0,17015660,79975233225000.0,52575,4015972,0.23600000000000002
2020-04-28,BANKBARODA,EQ,46.75,47.0,47.5,46.7,47.45,47.3,47.12,17324240,81638328845000.0,53714,4831520,0.27890000000000004
2020-04-29,BANKBARODA,EQ,47.3,47.55,48.65,47.2,47.9,48.1,48.08,26517815,127489441440000.02,76515,7356426,0.2774
2020-04-30,BANKBARODA,EQ,48.1,49.0,51.25,48.4,49.25,49.2,49.79,41912287,208677713785000.0,130449,9929052,0.23690000000000003
2020-05-04,BANKBARODA,EQ,49.2,48.0,48.0,45.5,45.9,45.85,46.2,23190611,107130255670000.0,104278,8699819,0.3751
2020-05-05,BANKBARODA,EQ,45.85,46.5,46.5,43.8,44.0,44.0,44.96,26004754,116916248945000.0,105286,8429233,0.3241
2020-05-06,BANKBARODA,EQ,44.0,44.0,44.2,41.8,42.35,42.3,42.49,33143287,140825125355000.0,103260,7803490,0.2354
2020-05-07,BANKBARODA,EQ,42.3,42.0,43.25,41.6,42.55,42.5,42.5,17318857,73611386650000.0,45933,2237771,0.1292
2020-05-08,BANKBARODA,EQ,42.5,43.0,43.35,41.0,41.05,41.1,42.06,19319628,81259748795000.0,68299,4463574,0.231
2020-05-11,BANKBARODA,EQ,41.1,41.85,41.85,40.55,40.9,41.0,41.17,19453329,80092902975000.0,56499,3756451,0.1931
2020-05-12,BANKBARODA,EQ,41.0,40.6,41.55,39.35,41.05,41.05,40.26,24650912,99250664150000.0,70181,4779802,0.19390000000000002
2020-05-13,BANKBARODA,EQ,41.05,44.0,45.15,42.2,44.4,44.15,43.96,57646491,253424259015000.0,126810,12063758,0.2093
2020-05-14,BANKBARODA,EQ,44.15,43.6,44.9,42.85,43.25,43.15,43.62,26197647,114266903034999.98,70311,4896088,0.1869
2020-05-15,BANKBARODA,EQ,43.15,43.15,43.6,41.4,41.55,41.6,42.24,24229616,102351618925000.0,68620,4938721,0.20379999999999998
2020-05-18,BANKBARODA,EQ,41.6,41.5,41.7,38.35,38.6,38.6,39.16,35350236,138428008480000.0,103094,8755418,0.2477
2020-05-19,BANKBARODA,EQ,38.6,39.0,39.3,36.3,36.5,36.5,37.6,43613740,163972957495000.0,115794,9798826,0.22469999999999998
2020-05-20,BANKBARODA,EQ,36.5,36.15,37.2,36.0,36.7,36.65,36.62,28593606,104707306150000.0,74423,5226074,0.18280000000000002
2020-05-21,BANKBARODA,EQ,36.65,36.95,39.1,36.6,37.6,37.55,38.17,53394024,203785712255000.0,129109,6573613,0.1231
2020-05-22,BANKBARODA,EQ,37.55,37.7,39.25,36.75,37.6,37.45,37.91,51975877,197031941425000.0,115405,6483716,0.1247
2020-05-26,BANKBARODA,EQ,37.45,37.85,38.35,36.7,37.1,37.1,37.37,33532219,125297803325000.0,68999,6732331,0.20079999999999998
2020-05-27,BANKBARODA,EQ,37.1,37.3,38.9,36.75,38.55,38.5,37.78,43372765,163843444830000.0,80576,7850612,0.18100000000000002
2020-05-28,BANKBARODA,EQ,38.5,38.55,39.95,38.3,38.6,38.6,39.11,51181791,200149633900000.0,105058,10154499,0.1984
2020-05-29,BANKBARODA,EQ,38.6,38.45,39.15,37.5,38.75,38.95,38.45,33859214,130180321830000.0,67364,6260535,0.18489999999999998
2020-06-01,BANKBARODA,EQ,38.95,39.7,42.8,39.4,42.6,42.45,41.24,78512223,323822679730000.0,155088,13852878,0.1764
2020-06-02,BANKBARODA,EQ,42.45,42.75,43.1,41.35,42.2,42.1,42.07,45380613,190902367025000.0,95725,8352466,0.1841
2020-06-03,BANKBARODA,EQ,42.1,42.9,45.1,42.3,43.05,43.15,43.63,73277842,319677525210000.0,139033,12709553,0.1734
2020-06-04,BANKBARODA,EQ,43.15,43.4,45.1,42.3,42.95,42.8,43.53,72267603,314562049165000.0,139912,10658781,0.1475
2020-06-05,BANKBARODA,EQ,42.8,43.25,47.0,43.15,46.95,46.5,44.84,77982876,349676974265000.0,136839,16405546,0.2104
2020-06-08,BANKBARODA,EQ,46.5,48.0,49.0,45.4,45.45,45.75,47.01,74318859,349393917490000.0,161976,18013388,0.24239999999999998
2020-06-09,BANKBARODA,EQ,45.75,45.75,47.55,44.4,45.7,45.8,46.04,71125810,327472611050000.0,140152,8291288,0.11660000000000001
2020-06-10,BANKBARODA,EQ,45.8,45.7,47.4,45.55,47.2,47.0,46.4,44737464,207591466640000.0,93289,7618704,0.1703
2020-06-11,BANKBARODA,EQ,47.0,47.2,47.95,45.0,45.2,45.15,46.55,53651971,249753874094999.97,113530,9460787,0.17629999999999998
2020-06-12,BANKBARODA,EQ,45.15,42.0,45.6,41.85,45.45,45.45,44.2,44355747,196038276745000.0,82989,4937641,0.11130000000000001
2020-06-15,BANKBARODA,EQ,45.45,45.2,46.3,43.65,45.95,45.95,45.1,50670538,228545622910000.0,99966,5413242,0.1068
2020-06-16,BANKBARODA,EQ,45.95,47.0,47.4,43.75,44.65,44.85,45.59,48131046,219428830169999.97,95070,7666894,0.1593
2020-06-17,BANKBARODA,EQ,44.85,44.5,45.65,43.85,44.8,44.9,44.95,39635625,178143486970000.0,78185,4225738,0.1066
2020-06-18,BANKBARODA,EQ,44.9,44.8,46.45,44.55,46.0,45.95,45.52,30460778,138670256775000.0,72394,5810250,0.1907
2020-06-19,BANKBARODA,EQ,45.95,46.45,47.5,45.9,46.9,47.05,46.86,48159332,225670725540000.0,88335,11266739,0.2339
2020-06-22,BANKBARODA,EQ,47.05,47.55,50.1,47.4,49.8,49.4,48.89,65558940,320521424425000.0,128188,14761276,0.2252
2020-06-23,BANKBARODA,EQ,49.4,50.6,51.05,49.5,50.55,50.5,50.39,64519345,325087395035000.0,124021,11510303,0.2897
2020-06-24,BANKBARODA,EQ,50.5,54.8,54.8,51.1,51.65,51.6,53.15,135178756,718468525575000.0,269481,28184754,0.20850000000000002
2020-06-25,BANKBARODA,EQ,51.6,51.0,53.0,50.1,52.35,52.0,51.68,63334346,327327345000000.0,146199,7547851,0.1192
2020-06-26,BANKBARODA,EQ,52.0,52.9,53.1,51.5,51.8,51.85,52.23,36651763,191437380135000.0,88599,5942559,0.16210000000000002
2020-06-29,BANKBARODA,EQ,51.85,51.5,51.5,48.95,49.25,49.25,49.68,33620836,167035525305000.0,90559,6468627,0.1924
2020-06-30,BANKBARODA,EQ,49.25,49.8,50.3,48.3,48.7,48.6,49.33,24094805,118858155409999.98,59833,3208611,0.1332
2020-07-01,BANKBARODA,EQ,48.6,48.65,51.7,48.2,51.4,51.4,50.35,56378625,283880955520000.0,121346,10971154,0.19460000000000002
2020-07-02,BANKBARODA,EQ,51.4,51.55,52.4,50.55,51.4,51.5,51.7,48639045,251454958680000.03,97017,9990694,0.2054
2020-07-03,BANKBARODA,EQ,51.5,51.6,51.85,50.55,50.6,50.75,51.03,26626325,135866416990000.02,47615,3627731,0.1362
2020-07-06,BANKBARODA,EQ,50.75,51.0,52.0,50.9,51.35,51.45,51.46,28186246,145056458345000.0,54685,4753373,0.1686
2020-07-07,BANKBARODA,EQ,51.45,51.4,51.4,49.7,50.65,50.8,50.54,36427755,184099699080000.0,71144,6127349,0.16820000000000002
2020-07-08,BANKBARODA,EQ,50.8,50.8,54.1,50.75,52.65,52.75,53.22,96884916,515635927100000.0,186620,19993248,0.2064
2020-07-09,BANKBARODA,EQ,52.75,53.0,53.5,51.9,52.85,52.8,52.75,37524641,197927403015000.0,84599,4537352,0.12090000000000001
2020-07-10,BANKBARODA,EQ,52.8,52.15,53.35,50.9,51.6,51.6,52.0,36913436,191957063355000.0,84076,5408891,0.14650000000000002
2020-07-13,BANKBARODA,EQ,51.6,52.0,52.45,50.15,50.5,50.55,50.94,31368155,159800957330000.0,72709,6371886,0.2031
2020-07-14,BANKBARODA,EQ,50.55,50.3,50.3,48.1,49.1,49.0,48.78,35213352,171754991090000.0,91971,7894741,0.2242
2020-07-15,BANKBARODA,EQ,49.0,49.5,49.9,47.2,47.65,47.55,48.81,31647989,154466827240000.0,78956,6551457,0.207
2020-07-16,BANKBARODA,EQ,47.55,48.0,48.35,46.9,48.1,48.1,47.68,22261907,106135965780000.0,72480,2840343,0.1276
2020-07-17,BANKBARODA,EQ,48.1,48.25,49.7,48.05,49.7,49.4,48.75,23124544,112734130659999.98,56352,4752752,0.20550000000000002
2020-07-20,BANKBARODA,EQ,49.4,49.45,50.3,48.4,48.75,48.65,49.24,33227141,163600360420000.0,92163,8546979,0.2572
2020-07-21,BANKBARODA,EQ,48.65,49.45,49.85,48.7,49.45,49.4,49.36,26867428,132628641115000.02,70607,5141669,0.19140000000000001
2020-07-22,BANKBARODA,EQ,49.4,49.5,49.95,48.35,48.7,48.7,48.95,27424762,134240484859999.98,64274,3737067,0.1363
2020-07-23,BANKBARODA,EQ,48.7,48.9,49.65,48.5,49.25,49.25,49.11,23215501,114000586855000.0,57679,3760204,0.162
2020-07-24,BANKBARODA,EQ,49.25,48.6,49.1,47.7,48.6,48.6,48.41,21490405,104044710635000.0,47613,2601159,0.121
2020-07-27,BANKBARODA,EQ,48.6,48.6,48.6,46.55,46.75,46.65,47.29,25755306,121807337265000.02,51992,4965456,0.19280000000000003
2020-07-28,BANKBARODA,EQ,46.65,46.8,47.25,45.95,46.95,46.8,46.58,20236662,94269817145000.0,48568,2359110,0.11660000000000001
2020-07-29,BANKBARODA,EQ,46.8,47.0,48.65,46.85,47.3,47.35,47.76,32650844,155930448005000.0,65118,3676138,0.1126
2020-07-30,BANKBARODA,EQ,47.35,47.7,47.9,45.7,45.9,45.95,46.82,24738511,115824207484999.98,61635,5211554,0.2107
2020-07-31,BANKBARODA,EQ,45.95,46.0,47.2,45.45,46.75,46.8,46.38,31805020,147508415750000.0,61627,3772249,0.1186
2020-08-03,BANKBARODA,EQ,46.8,46.45,47.5,46.2,46.65,46.85,47.04,20459853,96250396060000.0,32075,2705185,0.1322
2020-08-04,BANKBARODA,EQ,46.85,47.0,47.2,45.9,46.55,46.5,46.47,24687343,114717129300000.0,56350,4250531,0.1722
2020-08-05,BANKBARODA,EQ,46.5,46.7,47.45,46.25,46.4,46.35,46.77,25599111,119723910734999.98,39845,4518324,0.1765
2020-08-06,BANKBARODA,EQ,46.35,46.8,47.05,45.9,46.4,46.25,46.54,25765184,119905926534999.98,50418,4446634,0.17260000000000003
2020-08-07,BANKBARODA,EQ,46.25,46.4,48.85,46.1,48.6,48.35,47.51,37147126,176476273135000.0,61202,8790808,0.2366
2020-08-10,BANKBARODA,EQ,48.35,48.95,49.25,47.9,48.9,48.55,48.63,28220299,137241400295000.0,70561,5180114,0.18359999999999999
2020-08-11,BANKBARODA,EQ,48.55,47.0,48.4,46.7,47.2,47.1,47.36,36466171,172708893530000.0,73253,8153359,0.2236
2020-08-12,BANKBARODA,EQ,47.1,47.6,49.9,47.2,48.35,48.6,48.97,73914810,361946969715000.0,133369,16753218,0.2267
2020-08-13,BANKBARODA,EQ,48.6,48.8,49.0,47.8,48.1,48.1,48.3,21612267,104384725505000.0,45239,5164294,0.239
2020-08-14,BANKBARODA,EQ,48.1,48.5,48.5,45.8,46.15,46.1,46.95,40561827,190428159600000.0,84631,12984338,0.3201
2020-08-17,BANKBARODA,EQ,46.1,46.7,46.75,45.65,46.3,46.15,46.06,26149211,120437246234999.98,68516,5793586,0.22160000000000002
2020-08-18,BANKBARODA,EQ,46.15,46.4,46.65,45.65,46.5,46.5,46.15,34889564,161021853815000.0,56483,8139382,0.23329999999999998
2020-08-19,BANKBARODA,EQ,46.5,46.7,47.75,46.6,47.65,47.6,47.35,27392710,129704600720000.0,46406,9218275,0.33649999999999997
2020-08-20,BANKBARODA,EQ,47.6,47.15,48.0,46.4,47.35,47.45,47.52,22312375,106026788455000.0,42659,7547171,0.3383
2020-08-21,BANKBARODA,EQ,47.45,47.95,48.85,47.7,48.3,48.35,48.26,22911875,110579513834999.98,44030,7752558,0.33840000000000003
2020-08-24,BANKBARODA,EQ,48.35,48.7,48.8,47.5,48.3,48.35,48.08,39209571,188528561225000.0,57939,9949094,0.25370000000000004
2020-08-25,BANKBARODA,EQ,48.35,48.6,49.5,48.45,48.65,48.7,48.96,42069294,205976352980000.0,62216,8482564,0.2016
2020-08-26,BANKBARODA,EQ,48.7,48.55,49.1,48.15,48.5,48.45,48.51,24378055,118254374095000.0,41209,4050023,0.1661
2020-08-27,BANKBARODA,EQ,48.45,48.8,49.5,48.55,48.65,48.7,49.01,34037255,166827174905000.0,57138,7413109,0.21780000000000002
2020-08-28,BANKBARODA,EQ,48.7,49.05,52.2,48.9,51.6,51.6,51.3,101656705,521473314505000.0,166161,25601111,0.2518
2020-08-31,BANKBARODA,EQ,51.6,53.5,53.95,48.05,48.85,48.95,51.01,54489680,277940591594999.97,109086,13710168,0.2516
2020-09-01,BANKBARODA,EQ,48.95,49.5,49.8,46.85,47.95,47.55,47.98,43888630,210572333590000.0,73251,7268265,0.1656
2020-09-02,BANKBARODA,EQ,47.55,47.8,48.25,46.7,47.45,47.25,47.13,32628864,153780120560000.0,58800,6644555,0.2036
2020-09-03,BANKBARODA,EQ,47.25,47.8,47.95,47.05,47.15,47.3,47.38,20869935,98888385640000.0,36243,3688048,0.17670000000000002
2020-09-04,BANKBARODA,EQ,47.3,46.7,47.05,45.75,46.1,45.9,46.32,37394928,173203255090000.0,67007,10539601,0.2818
2020-09-07,BANKBARODA,EQ,45.9,46.0,46.5,45.0,46.35,46.2,45.61,30300185,138191480884999.98,55507,5016615,0.1656
2020-09-08,BANKBARODA,EQ,46.2,46.3,46.45,45.05,45.15,45.25,45.77,26695546,122196898215000.02,41932,5522248,0.20690000000000003
2020-09-09,BANKBARODA,EQ,45.25,44.8,44.8,43.8,44.6,44.35,44.23,19912040,88069163785000.0,44930,5710039,0.2868
2020-09-10,BANKBARODA,EQ,44.35,44.8,45.8,44.6,45.55,45.6,45.27,17529918,79355725865000.0,34326,3860289,0.2202
2020-09-11,BANKBARODA,EQ,45.6,45.5,46.1,45.3,45.9,45.95,45.75,13134359,60093925240000.0,32890,3410544,0.2597
2020-09-14,BANKBARODA,EQ,45.95,46.15,46.65,46.0,46.0,46.15,46.34,15548159,72053107940000.0,27077,4302910,0.2767
2020-09-15,BANKBARODA,EQ,46.15,46.25,46.7,45.65,46.55,46.55,46.31,12525342,58000559565000.0,23809,3198255,0.2553
2020-09-16,BANKBARODA,EQ,46.55,46.55,46.7,45.85,46.3,46.45,46.33,10519165,48731626760000.0,21797,3624982,0.3446
2020-09-17,BANKBARODA,EQ,46.45,45.8,46.3,45.5,45.55,45.6,45.81,12133544,55582581925000.0,31405,5184248,0.42729999999999996
2020-09-18,BANKBARODA,EQ,45.6,45.85,45.9,44.9,45.05,45.05,45.34,14231696,64525435854999.99,30432,4735587,0.33270000000000005
2020-09-21,BANKBARODA,EQ,45.05,45.3,45.3,42.5,42.6,42.85,43.78,23385146,102381758005000.0,48369,7067410,0.30219999999999997
2020-09-22,BANKBARODA,EQ,42.85,42.65,42.95,40.85,42.25,42.3,42.07,26903199,113181244850000.0,41041,2523656,0.09380000000000001
2020-09-23,BANKBARODA,EQ,42.3,42.7,42.8,40.85,41.5,41.55,41.73,23937793,99883538745000.0,34952,3734179,0.156
2020-09-24,BANKBARODA,EQ,41.55,40.75,41.2,39.65,39.75,39.85,40.08,21990482,88145795100000.0,44256,5188558,0.2359
2020-09-25,BANKBARODA,EQ,39.85,40.2,41.85,39.5,41.75,41.55,40.38,21522723,86899278240000.0,38780,2755843,0.128
2020-09-28,BANKBARODA,EQ,41.55,42.1,43.45,41.65,43.35,43.35,42.51,21365403,90815167765000.0,35298,2845969,0.1332
2020-09-29,BANKBARODA,EQ,43.35,43.4,43.6,40.7,41.4,41.35,41.74,31387377,131020059459999.98,45756,4057526,0.1293
2020-09-30,BANKBARODA,EQ,41.35,41.65,41.65,40.3,41.0,41.05,40.84,32131398,131221937184999.98,40437,1674030,0.0521
2020-10-01,BANKBARODA,EQ,41.05,41.35,42.6,41.35,41.8,41.95,41.93,21969216,92117237610000.0,32880,2511758,0.1143
2020-10-05,BANKBARODA,EQ,41.95,42.1,42.8,41.4,41.6,41.55,42.01,21951328,92223368055000.0,34749,3530572,0.1608
2020-10-06,BANKBARODA,EQ,41.55,41.8,42.25,40.8,42.0,42.05,41.64,29879396,124404012380000.0,37418,8432715,0.2822
2020-10-07,BANKBARODA,EQ,42.05,42.0,42.25,41.3,41.45,41.5,41.69,13209472,55068138495000.01,19741,2112364,0.15990000000000001
2020-10-08,BANKBARODA,EQ,41.5,41.85,43.45,41.6,42.6,42.6,42.8,29261228,125224656300000.0,49415,5246360,0.1793
2020-10-09,BANKBARODA,EQ,42.6,42.5,44.45,41.95,44.35,44.3,43.33,27478318,119063319600000.0,44615,4254425,0.15480000000000002
2020-10-12,BANKBARODA,EQ,44.3,44.4,45.55,41.2,41.9,41.8,43.06,36832859,158597751105000.0,55521,7117799,0.1932
2020-10-13,BANKBARODA,EQ,41.8,41.8,42.15,41.2,41.3,41.3,41.64,19646632,81802608755000.0,40912,5070613,0.2581
2020-10-14,BANKBARODA,EQ,41.3,41.5,42.25,40.35,41.9,42.05,41.27,17707254,73076096100000.0,31541,3077590,0.17379999999999998
2020-10-15,BANKBARODA,EQ,42.05,41.9,42.75,40.0,40.15,40.35,41.45,22011058,91238709965000.0,41145,5474855,0.2487
2020-10-16,BANKBARODA,EQ,40.35,40.7,41.1,39.9,40.4,40.3,40.55,18306969,74242628920000.0,30638,4601703,0.2514
2020-10-19,BANKBARODA,EQ,40.3,41.0,43.85,40.55,43.65,43.6,42.74,43038518,183940520150000.0,74964,8197622,0.1905
2020-10-20,BANKBARODA,EQ,43.6,43.05,43.25,41.45,42.05,41.85,42.08,38022299,159979632710000.0,68154,8509559,0.2238
2020-10-21,BANKBARODA,EQ,41.85,42.2,43.3,41.65,42.55,42.55,42.65,30555633,130332649105000.0,51940,3925028,0.1285
2020-10-22,BANKBARODA,EQ,42.55,42.4,43.2,41.85,42.75,42.85,42.48,27573809,117129484225000.0,45546,5567094,0.20190000000000002
2020-10-23,BANKBARODA,EQ,42.85,42.9,43.65,42.8,43.05,43.15,43.21,27661346,119518364575000.0,40493,2945907,0.10650000000000001
2020-10-26,BANKBARODA,EQ,43.15,43.05,43.75,42.55,42.7,42.7,43.08,33556100,144574294965000.0,51598,3249636,0.0968
2020-10-27,BANKBARODA,EQ,42.7,42.7,43.1,41.5,42.85,42.9,42.37,21932535,92921374540000.0,37514,2711750,0.1236
2020-10-28,BANKBARODA,EQ,42.9,42.8,43.2,41.65,42.0,42.0,42.48,20411304,86702196285000.0,29101,3339890,0.1636
2020-10-29,BANKBARODA,EQ,42.0,41.75,43.45,41.05,42.75,42.95,42.05,37139036,156183404430000.0,59907,4526368,0.1219
2020-10-30,BANKBARODA,EQ,42.95,43.25,43.45,41.35,41.65,41.7,42.12,45666121,192356424990000.0,81893,6426636,0.14070000000000002
2020-11-02,BANKBARODA,EQ,41.7,42.1,45.25,41.85,44.6,44.85,44.0,61695399,271444764700000.0,115087,14970548,0.2427
2020-11-03,BANKBARODA,EQ,44.85,44.6,45.75,43.8,44.85,45.05,44.64,38365746,171253557655000.0,85056,4076230,0.10619999999999999
2020-11-04,BANKBARODA,EQ,45.05,44.75,45.3,43.4,44.7,45.05,44.51,35144741,156445048110000.0,55481,2772245,0.0789
2020-11-05,BANKBARODA,EQ,45.05,45.3,46.55,45.05,45.6,45.75,45.7,31843085,145524866645000.0,58285,4026362,0.1264
2020-11-06,BANKBARODA,EQ,45.75,45.6,46.4,45.1,45.75,45.8,45.89,25675306,117836041025000.0,43465,3639717,0.1418
2020-11-09,BANKBARODA,EQ,45.8,46.35,47.4,46.0,46.75,46.75,46.66,30062307,140267167634999.98,49698,5956334,0.1981
2020-11-10,BANKBARODA,EQ,46.75,47.0,48.8,46.5,48.15,48.2,47.79,39007158,186428218785000.0,69953,7931666,0.20329999999999998
2020-11-11,BANKBARODA,EQ,48.2,48.3,48.9,46.7,47.1,47.2,47.69,35470779,169171143595000.0,50271,3713700,0.10470000000000002
2020-11-12,BANKBARODA,EQ,47.2,47.1,47.25,45.4,45.75,45.65,45.98,30619367,140800342185000.0,54015,4897990,0.16
2020-11-13,BANKBARODA,EQ,45.65,45.45,46.75,44.4,46.5,46.55,45.53,26724684,121669863420000.0,42374,2851340,0.1067
2020-11-14,BANKBARODA,EQ,46.55,47.15,47.2,46.4,46.5,46.65,46.77,2862425,13387082030000.0,10047,1215268,0.42460000000000003
2020-11-17,BANKBARODA,EQ,46.65,46.7,47.9,46.7,47.55,47.55,47.34,21494471,101754400740000.0,35317,3404288,0.1584
2020-11-18,BANKBARODA,EQ,47.55,47.15,49.9,47.0,49.25,49.6,49.05,52946624,259705416119999.97,86650,10912879,0.2061
2020-11-19,BANKBARODA,EQ,49.6,49.35,49.35,47.65,47.75,47.95,48.58,27880377,135435871820000.0,52198,6447149,0.23120000000000002
2020-11-20,BANKBARODA,EQ,47.95,47.95,48.3,47.2,47.5,47.55,47.68,17592043,83874278025000.0,28891,3412613,0.19399999999999998
2020-11-23,BANKBARODA,EQ,47.55,47.85,48.2,46.7,46.95,46.9,47.27,20454971,96696615580000.0,37162,5459278,0.2669
2020-11-24,BANKBARODA,EQ,46.9,47.2,47.45,46.0,47.05,46.85,46.63,31404794,146426232765000.0,48173,8370616,0.2665
2020-11-25,BANKBARODA,EQ,46.85,47.55,50.7,47.3,48.95,49.05,49.2,95600102,470359983880000.0,137035,18333437,0.1918
2020-11-26,BANKBARODA,EQ,49.05,49.1,51.5,48.25,51.3,51.15,49.9,55805690,278485138100000.0,93216,10431448,0.1869
2020-11-27,BANKBARODA,EQ,51.15,51.15,52.5,50.6,51.2,51.35,51.45,61204165,314888878465000.0,94088,8881589,0.1451
2020-12-01,BANKBARODA,EQ,51.35,51.55,54.2,51.15,53.7,53.75,53.14,58316841,309892434225000.0,90707,12211000,0.20940000000000003
2020-12-02,BANKBARODA,EQ,53.75,53.95,55.25,53.05,54.2,54.1,54.13,61231380,331467759545000.0,77421,12793241,0.2089
2020-12-03,BANKBARODA,EQ,54.1,54.65,58.7,54.35,58.4,58.3,57.44,88098471,506030117339999.94,142272,15735811,0.1786
2020-12-04,BANKBARODA,EQ,58.3,58.9,59.75,56.6,59.05,59.05,58.26,73822092,430060820830000.0,121571,8576327,0.1162
2020-12-07,BANKBARODA,EQ,59.05,59.2,61.0,58.5,60.0,60.15,59.75,63605512,380042810265000.0,89085,6892288,0.1084
2020-12-08,BANKBARODA,EQ,60.15,60.15,66.15,59.9,66.15,65.2,62.6,134428758,841478052295000.0,192269,17069391,0.127
2020-12-09,BANKBARODA,EQ,65.2,67.35,67.6,64.2,65.1,65.6,65.75,115081316,756625085300000.0,177753,24039595,0.2089
2020-12-10,BANKBARODA,EQ,65.6,64.95,66.8,62.9,66.3,66.35,64.51,69017267,445208170130000.0,118967,12446671,0.18030000000000002
2020-12-11,BANKBARODA,EQ,66.35,66.35,68.25,65.0,65.35,65.45,66.65,73246944,488203191010000.06,117512,14057190,0.19190000000000002
2020-12-14,BANKBARODA,EQ,65.45,66.35,67.5,66.15,67.2,67.0,66.91,40028589,267848567525000.0,70828,8978556,0.2243
2020-12-15,BANKBARODA,EQ,67.0,67.15,68.1,65.5,66.9,67.15,66.57,43111626,286973864070000.0,72643,6462710,0.1499
2020-12-16,BANKBARODA,EQ,67.15,67.7,67.9,65.65,66.4,66.4,67.05,33186305,222525400790000.0,57596,6677640,0.20120000000000002
2020-12-17,BANKBARODA,EQ,66.4,66.4,67.15,63.35,63.65,63.8,65.51,39697753,260042486700000.0,67368,8022045,0.2021
2020-12-18,BANKBARODA,EQ,63.8,63.95,64.25,62.0,63.1,63.1,62.83,38450486,241592978594999.97,66766,5884707,0.153
2020-12-21,BANKBARODA,EQ,63.1,62.25,63.5,56.8,58.05,58.8,60.82,50895629,309542374075000.0,84872,9464655,0.18600000000000003
2020-12-22,BANKBARODA,EQ,58.8,58.15,60.0,56.2,58.7,58.8,58.0,52670734,305484626505000.0,93112,5833568,0.11080000000000001
2020-12-23,BANKBARODA,EQ,58.8,58.8,60.8,58.35,60.65,60.55,59.82,32358417,193578988895000.0,63071,4409314,0.1363
2020-12-24,BANKBARODA,EQ,60.55,61.05,63.25,60.6,60.8,60.85,61.82,39083563,241621207965000.0,62701,4817509,0.1233
2020-12-28,BANKBARODA,EQ,60.85,61.5,62.95,61.25,62.5,62.4,62.35,27299489,170210940500000.0,44727,3554658,0.1302
2020-12-29,BANKBARODA,EQ,62.4,63.0,64.2,62.1,62.35,62.35,63.25,41508873,262533525294999.97,68599,4576446,0.1103
2020-12-30,BANKBARODA,EQ,62.35,63.0,63.25,60.75,62.05,62.1,61.64,33108560,204083192205000.0,57846,4848663,0.1464
2020-12-31,BANKBARODA,EQ,62.1,62.1,62.55,61.15,61.4,61.45,61.99,22488846,139398759980000.0,45187,4386482,0.19510000000000002
2021-01-01,BANKBARODA,EQ,61.45,61.8,64.8,61.6,64.45,64.5,63.71,43369915,276295357585000.0,80984,9510434,0.2193
2021-01-04,BANKBARODA,EQ,64.5,65.1,66.3,64.3,65.85,65.8,65.39,40279407,263393466569999.97,71423,6165735,0.1531
2021-01-05,BANKBARODA,EQ,65.8,65.2,66.25,64.8,65.45,65.6,65.59,31735002,208139099995000.0,53267,4302635,0.1356
2021-01-06,BANKBARODA,EQ,65.6,66.0,67.7,64.7,65.35,65.5,66.31,47643226,315905013050000.0,77338,5991330,0.1258
2021-01-07,BANKBARODA,EQ,65.5,66.5,67.0,65.75,66.15,66.15,66.31,27985323,185559804950000.0,47092,4457570,0.1593
2021-01-08,BANKBARODA,EQ,66.15,67.0,67.15,65.3,65.55,65.55,66.28,22794827,151075903275000.0,37388,3569545,0.15660000000000002
2021-01-11,BANKBARODA,EQ,65.55,66.0,66.15,63.75,64.3,64.25,64.61,23307584,150594575695000.0,40459,3551349,0.1524
2021-01-12,BANKBARODA,EQ,64.25,63.9,71.7,63.1,71.1,70.75,68.23,81300070,554673782614999.94,135036,20053647,0.24670000000000003
2021-01-13,BANKBARODA,EQ,70.75,72.0,76.0,70.05,75.35,75.25,73.46,127567552,937051679670000.1,237155,19663296,0.15410000000000001
2021-01-14,BANKBARODA,EQ,75.25,75.35,77.9,74.7,76.3,76.2,76.42,73557480,562118825814999.94,153530,12122195,0.1648
2021-01-15,BANKBARODA,EQ,76.2,76.5,77.8,72.85,75.4,75.15,75.61,61065625,461730096920000.0,124394,10867273,0.17800000000000002
2021-01-18,BANKBARODA,EQ,75.15,75.45,77.1,72.05,72.1,73.05,74.57,58500838,436226000310000.06,104803,8306827,0.142
2021-01-19,BANKBARODA,EQ,73.05,73.45,75.95,73.2,75.65,75.75,74.73,36969600,276290739260000.0,67895,5164676,0.13970000000000002
2021-01-20,BANKBARODA,EQ,75.75,75.85,80.3,75.05,79.65,79.45,77.97,61542233,479827607560000.06,125824,10146694,0.1649
2021-01-21,BANKBARODA,EQ,79.45,80.15,80.8,75.15,76.9,76.3,78.39,53482170,419269965735000.0,111839,8191357,0.1532
2021-01-22,BANKBARODA,EQ,76.3,76.15,77.35,73.0,73.4,73.35,74.93,45531180,341177246230000.0,88953,5912416,0.12990000000000002
2021-01-25,BANKBARODA,EQ,73.35,74.6,76.15,70.4,73.7,73.85,73.66,53420249,393499441000000.0,97487,4333857,0.08109999999999999
2021-01-27,BANKBARODA,EQ,73.85,73.55,75.5,72.0,72.8,74.05,73.84,72480794,535231033175000.0,143013,6294922,0.0868
2021-01-28,BANKBARODA,EQ,74.05,72.45,72.8,64.5,66.65,66.75,67.26,153754944,1034107598270000.1,301041,26562027,0.1728
2021-01-29,BANKBARODA,EQ,66.75,67.95,70.15,66.4,68.15,68.05,68.01,72845577,495412180385000.06,134302,7312986,0.10039999999999999
2021-02-01,BANKBARODA,EQ,68.05,68.95,74.4,67.7,74.1,73.9,71.23,88439891,629988047545000.0,181777,12784618,0.1446
2021-02-02,BANKBARODA,EQ,73.9,75.0,76.95,73.35,74.7,74.65,75.07,73020753,548144307620000.0,143252,9365252,0.1283
2021-02-03,BANKBARODA,EQ,74.65,75.4,78.85,73.5,77.2,77.1,76.33,65076252,496698832905000.0,123644,12603879,0.1937
2021-02-04,BANKBARODA,EQ,77.1,77.1,83.1,76.1,81.8,82.05,80.04,95917593,767749832075000.0,203969,17457880,0.182
2021-02-05,BANKBARODA,EQ,82.05,83.7,89.0,81.7,82.8,82.5,85.22,121275419,1033501312400000.0,281652,19573672,0.16140000000000002
2021-02-08,BANKBARODA,EQ,82.5,83.5,85.1,80.1,81.5,80.95,82.43,44535603,367120618065000.0,109822,8794263,0.1975
2021-02-09,BANKBARODA,EQ,80.95,81.4,83.15,78.95,80.0,80.2,81.05,56527410,458148290850000.0,132051,8990112,0.159
2021-02-10,BANKBARODA,EQ,80.2,80.1,81.1,78.0,79.65,79.7,79.57,43516962,346284505125000.0,105336,7312091,0.168
2021-02-11,BANKBARODA,EQ,79.7,79.65,81.2,76.85,77.25,77.2,78.49,65851076,516887184845000.0,156698,16051152,0.24370000000000003
2021-02-12,BANKBARODA,EQ,77.2,77.45,79.5,77.0,78.35,78.35,78.34,48490727,379870793330000.0,104724,7045680,0.14529999999999998
2021-02-15,BANKBARODA,EQ,78.35,79.1,80.7,78.6,79.65,79.55,79.56,39681236,315699914640000.0,82810,7396792,0.1864
2021-02-16,BANKBARODA,EQ,79.55,80.4,81.75,78.6,79.65,79.7,80.13,44803164,359029217990000.0,94251,7361146,0.1643
2021-02-17,BANKBARODA,EQ,79.7,79.6,85.5,79.15,84.15,84.2,83.1,109833018,912692892625000.0,248130,19958786,0.18170000000000003
2021-02-18,BANKBARODA,EQ,84.2,85.5,96.7,84.4,95.45,95.65,92.51,256891275,2376422894265000.0,530075,46472045,0.1809
2021-02-19,BANKBARODA,EQ,95.65,95.95,99.85,88.65,91.5,91.2,94.53,184205581,1741361227895000.0,421744,18428897,0.1
2021-02-22,BANKBARODA,EQ,91.2,91.4,93.75,88.8,89.25,89.55,91.2,75628484,689751691895000.0,194964,9191315,0.12150000000000001
2021-02-23,BANKBARODA,EQ,89.55,90.3,91.6,86.05,86.3,86.85,88.89,68592567,609701473895000.0,159823,11912315,0.17370000000000002
2021-02-24,BANKBARODA,EQ,86.85,87.4,90.3,86.4,88.0,88.35,88.9,40874043,363383898595000.0,111272,8377744,0.20500000000000002
2021-02-25,BANKBARODA,EQ,88.35,89.9,90.65,89.0,90.0,89.95,89.93,52500068,472113338050000.0,114541,9153568,0.17440000000000003
2021-02-26,BANKBARODA,EQ,89.95,86.9,87.2,85.0,85.2,85.4,86.12,87811972,756226329470000.0,222782,17459129,0.1988
2021-03-01,BANKBARODA,EQ,85.4,85.4,86.35,82.9,83.5,83.35,84.0,51758155,434792368560000.06,129322,11556175,0.2233
2021-03-02,BANKBARODA,EQ,83.35,84.0,85.25,83.05,83.4,83.3,84.1,39147694,329227623000000.0,97814,7686761,0.19640000000000002
2021-03-03,BANKBARODA,EQ,83.3,84.1,86.9,84.1,85.95,85.6,85.75,55604904,476816657114999.94,132258,9304088,0.1673
2021-03-04,BANKBARODA,EQ,85.6,85.0,87.8,84.15,85.15,85.8,86.37,62171034,536959669280000.0,135952,13291882,0.2138
2021-03-05,BANKBARODA,EQ,85.8,85.2,85.8,79.5,80.95,80.65,82.17,100394468,824902272540000.0,238968,41626830,0.4146
2021-03-08,BANKBARODA,EQ,80.65,82.0,83.5,80.7,81.25,81.2,82.1,49714873,408152422830000.0,133754,14333875,0.2883
2021-03-09,BANKBARODA,EQ,81.2,82.0,82.65,78.65,80.45,80.3,80.64,35236058,284155477270000.0,97224,10661651,0.30260000000000004
2021-03-10,BANKBARODA,EQ,80.3,81.35,81.9,79.65,79.9,80.0,80.37,36342485,292068159390000.0,93327,11705615,0.3221
2021-03-12,BANKBARODA,EQ,80.0,80.75,80.9,76.6,77.9,77.35,78.57,54547934,428589095095000.0,134096,17051094,0.31260000000000004
2021-03-15,BANKBARODA,EQ,77.35,77.95,79.7,76.0,78.9,78.85,77.81,74971698,583352517920000.0,151705,21537679,0.2873
2021-03-16,BANKBARODA,EQ,78.85,79.5,79.95,76.4,78.8,78.85,78.6,65198270,512436464214999.94,131557,16094953,0.2469
2021-03-17,BANKBARODA,EQ,78.85,78.7,79.0,74.25,74.35,74.85,76.39,47739117,364658985375000.0,124563,12713251,0.2663
2021-03-18,BANKBARODA,EQ,74.85,75.9,76.95,70.9,72.0,71.95,73.95,61825454,457201079735000.06,134570,14943176,0.24170000000000003
2021-03-19,BANKBARODA,EQ,71.95,70.85,74.35,69.55,73.4,73.7,71.96,63657565,458061382880000.0,145276,13887256,0.2182
2021-03-22,BANKBARODA,EQ,73.7,73.8,74.65,71.75,72.45,72.45,72.91,43215479,315086196410000.0,90179,9689849,0.2242
2021-03-23,BANKBARODA,EQ,72.45,72.9,75.85,72.8,74.55,74.25,74.33,66644024,495371686725000.0,137885,7972888,0.11960000000000001
2021-03-24,BANKBARODA,EQ,74.25,74.35,75.15,71.35,71.95,71.8,72.9,53558041,390460585065000.0,113005,15318800,0.28600000000000003
2021-03-25,BANKBARODA,EQ,71.8,72.0,72.3,68.0,70.05,70.05,69.98,57493782,402328828140000.0,150705,10862398,0.1889
2021-03-26,BANKBARODA,EQ,70.05,71.4,71.9,70.2,71.15,70.75,70.94,34963255,248031267275000.0,74302,5436273,0.1555
2021-03-30,BANKBARODA,EQ,70.75,71.9,74.2,70.85,72.6,72.25,72.26,83791986,605522514945000.0,115646,37297507,0.4451
2021-03-31,BANKBARODA,EQ,72.25,72.1,75.45,71.7,74.15,74.1,74.19,54265324,402593931275000.0,113243,10458435,0.1927
2021-04-01,BANKBARODA,EQ,74.1,74.8,76.0,73.5,75.65,75.6,74.77,38540206,288154956670000.0,88768,6870594,0.1783
2021-04-05,BANKBARODA,EQ,75.6,75.1,75.65,70.8,72.65,72.7,72.59,37343942,271087089669999.97,95391,7096738,0.19
2021-04-06,BANKBARODA,EQ,72.7,72.9,74.3,71.8,73.1,72.85,73.17,38056228,278467796085000.0,75493,7080792,0.1861
2021-04-07,BANKBARODA,EQ,72.85,72.9,75.55,72.25,74.0,74.1,74.29,40294171,299351735185000.0,82239,7230222,0.1794
2021-04-08,BANKBARODA,EQ,74.1,74.4,75.6,73.25,73.5,73.5,74.45,38186842,284296909355000.0,72173,7822096,0.2048
2021-04-09,BANKBARODA,EQ,73.5,73.4,77.4,72.9,74.15,74.0,75.41,57888088,436545577895000.0,118956,8980432,0.1551
2021-04-12,BANKBARODA,EQ,74.0,72.0,72.0,63.25,66.9,66.1,67.32,77084143,518955036035000.06,197595,23592405,0.3061
2021-04-13,BANKBARODA,EQ,66.1,67.15,69.3,66.3,68.9,68.9,67.91,49363120,335211136070000.0,101154,9770150,0.1979
2021-04-15,BANKBARODA,EQ,68.9,67.75,69.4,66.3,68.05,68.3,67.97,51164588,347789717495000.0,97314,11024164,0.21550000000000002
2021-04-16,BANKBARODA,EQ,68.3,68.3,69.5,67.05,67.2,67.35,68.14,36225190,246834687675000.0,85809,6751193,0.1864
2021-04-19,BANKBARODA,EQ,67.35,65.0,65.0,62.5,63.65,63.8,63.53,49914615,317124415265000.0,126546,11530194,0.231
2021-04-20,BANKBARODA,EQ,63.8,64.95,65.8,62.7,63.1,63.25,64.37,36714142,236317888275000.0,78697,7564966,0.2061
2021-04-22,BANKBARODA,EQ,63.25,62.05,64.2,61.75,62.9,63.05,63.4,45762152,290123461070000.0,76200,12397177,0.27090000000000003
2021-04-23,BANKBARODA,EQ,63.05,62.6,64.95,62.5,62.75,62.95,63.8,45619019,291058811750000.0,73665,7970187,0.1747
2021-04-26,BANKBARODA,EQ,62.95,63.5,64.45,63.2,63.45,63.55,63.8,34891753,222609888985000.0,62953,6855281,0.19649999999999998
2021-04-27,BANKBARODA,EQ,63.55,63.9,65.55,63.55,65.4,65.3,64.8,45483876,294757061570000.0,80235,7545330,0.1659
2021-04-28,BANKBARODA,EQ,65.3,66.0,68.15,65.75,67.6,67.75,67.09,47954929,321729941130000.0,83992,9670918,0.20170000000000002
2021-04-29,BANKBARODA,EQ,67.75,68.45,69.75,66.55,66.75,66.85,67.59,50981272,344571373725000.0,75497,7445773,0.146
2021-04-30,BANKBARODA,EQ,66.85,65.4,68.4,65.05,66.45,66.75,67.22,51182287,344042931360000.0,88601,7380429,0.1442
2021-05-03,BANKBARODA,EQ,66.75,65.95,66.95,64.35,66.7,66.65,65.89,44344732,292183976120000.0,76778,5405289,0.1219
2021-05-04,BANKBARODA,EQ,66.65,67.2,72.95,67.05,70.9,70.4,70.71,117824041,833142497780000.0,221770,18606759,0.15789999999999998
2021-05-05,BANKBARODA,EQ,70.4,72.1,72.95,70.85,72.4,72.35,71.98,66540783,478980963189999.94,115976,17279041,0.2597
2021-05-06,BANKBARODA,EQ,72.35,73.0,73.0,70.1,70.65,70.65,70.88,38260232,271178417455000.03,74768,6342027,0.16579999999999998
2021-05-07,BANKBARODA,EQ,70.65,71.1,71.7,69.85,70.5,70.55,70.65,26413730,186617581235000.0,54850,3987884,0.151
2021-05-10,BANKBARODA,EQ,70.55,71.35,74.4,70.7,73.4,73.45,73.17,50589470,370169484220000.0,97141,11809846,0.2334
2021-05-11,BANKBARODA,EQ,73.45,72.5,74.6,71.15,73.85,74.05,73.19,56166002,411078416695000.0,103817,12272928,0.21850000000000003
2021-05-12,BANKBARODA,EQ,74.05,74.05,79.95,73.9,77.5,77.4,77.61,128513179,997371121740000.0,228504,24273422,0.1889
2021-05-14,BANKBARODA,EQ,77.4,78.3,79.55,73.35,74.0,74.0,75.92,86863950,659501362055000.0,163683,18437975,0.21230000000000002
2021-05-17,BANKBARODA,EQ,74.0,74.8,77.75,73.8,77.15,77.1,76.41,73000338,557776218645000.0,129690,19794756,0.2712
2021-05-18,BANKBARODA,EQ,77.1,78.4,78.6,76.3,76.7,76.75,77.51,53617303,415598719655000.0,100538,8348547,0.1557
2021-05-19,BANKBARODA,EQ,76.75,76.6,78.25,76.15,76.5,76.7,77.1,54818016,422669443165000.0,96836,11074817,0.20199999999999999
2021-05-20,BANKBARODA,EQ,76.7,77.0,77.6,75.9,76.85,76.5,76.65,57767243,442777849600000.0,101967,15594144,0.2699
2021-05-21,BANKBARODA,EQ,76.5,77.5,81.15,77.1,81.0,80.8,79.22,136879510,1084357317185000.0,229746,38470110,0.2811
2021-05-24,BANKBARODA,EQ,80.8,82.3,83.35,80.35,81.35,81.35,81.78,129796622,1061458205985000.0,218619,29948066,0.23070000000000002
2021-05-25,BANKBARODA,EQ,81.35,82.1,82.45,80.45,80.9,80.85,81.02,55767882,451826679250000.0,101048,11116738,0.1993
2021-05-26,BANKBARODA,EQ,80.85,81.35,82.3,80.0,80.55,80.6,81.22,54711508,444349404095000.0,97343,8822292,0.1613
2021-05-27,BANKBARODA,EQ,80.6,80.9,84.2,79.8,83.8,83.55,82.22,106192011,873137599985000.0,167562,27032342,0.2546
2021-05-28,BANKBARODA,EQ,83.55,84.4,84.6,81.8,83.85,83.85,83.41,93311026,778308264860000.0,165472,14411060,0.1544
2021-05-31,BANKBARODA,EQ,83.85,83.0,83.5,79.1,80.65,80.7,81.08,129974240,1053894098679999.9,233704,28312868,0.21780000000000002
2021-06-01,BANKBARODA,EQ,80.7,81.05,81.25,78.8,79.3,79.35,80.01,59105829,472919525725000.0,119450,19295443,0.3265
2021-06-02,BANKBARODA,EQ,79.35,79.15,81.85,78.6,81.2,81.2,80.66,51078156,412016673330000.0,103952,10804206,0.2115
2021-06-03,BANKBARODA,EQ,81.2,81.95,82.8,81.5,81.7,81.8,82.09,42158361,346075496605000.0,73710,15406691,0.3654
2021-06-04,BANKBARODA,EQ,81.8,82.1,82.85,81.15,81.85,81.85,82.04,38123227,312768754375000.0,75391,11955103,0.3136
2021-06-07,BANKBARODA,EQ,81.85,82.6,84.1,81.85,82.65,82.9,82.85,48213715,399469845795000.0,87880,11892766,0.24670000000000003
2021-06-08,BANKBARODA,EQ,82.9,83.0,83.15,80.2,81.8,81.8,81.79,44246218,361886529335000.0,81810,7933156,0.1793
2021-06-09,BANKBARODA,EQ,81.8,83.0,86.25,81.15,82.1,81.85,83.9,103136300,865362858900000.0,199411,22765752,0.2207
2021-06-10,BANKBARODA,EQ,81.85,82.6,85.3,81.85,84.75,84.75,83.99,59937914,503388771180000.0,115594,14827811,0.24739999999999998
2021-06-11,BANKBARODA,EQ,84.75,84.75,85.9,84.2,84.45,84.45,84.96,37977268,322645243935000.0,72764,9681040,0.2549
2021-06-14,BANKBARODA,EQ,84.45,84.0,85.85,81.0,84.5,84.95,83.27,78345224,652375094945000.0,133910,21211432,0.2707
2021-06-15,BANKBARODA,EQ,84.95,84.5,86.45,84.1,85.05,85.1,85.43,41494997,354474555410000.0,83821,14223316,0.3428
2021-06-16,BANKBARODA,EQ,85.1,85.0,87.0,84.1,84.25,84.4,85.32,54675510,466466347250000.0,99591,12840112,0.2348
2021-06-17,BANKBARODA,EQ,84.4,83.7,84.6,81.3,81.7,81.9,83.02,50972723,423153531305000.0,97911,12077344,0.23690000000000003
2021-06-18,BANKBARODA,EQ,81.9,82.65,82.9,77.05,80.4,80.2,79.7,67649503,539140199975000.0,139610,12423347,0.18359999999999999
2021-06-21,BANKBARODA,EQ,80.2,78.3,82.8,77.4,82.25,82.4,80.66,59884792,483057291375000.0,124603,13023327,0.2175
2021-06-22,BANKBARODA,EQ,82.4,83.2,84.2,81.45,81.65,81.85,82.99,43437619,360489304575000.0,92796,10742667,0.24730000000000002
2021-06-23,BANKBARODA,EQ,81.85,82.55,83.65,81.25,82.3,82.3,82.63,48368946,399678946270000.0,88106,9718007,0.2009
2021-06-24,BANKBARODA,EQ,82.3,82.45,82.9,80.55,81.15,80.85,81.61,28655724,233849927985000.0,54403,6089861,0.2125
2021-06-25,BANKBARODA,EQ,80.85,81.6,84.0,81.0,83.5,83.5,83.09,49628774,412346270300000.0,91121,13106112,0.2641
2021-06-28,BANKBARODA,EQ,83.5,84.25,88.4,84.2,87.7,87.8,86.88,129796104,1127654442950000.0,242714,36265693,0.27940000000000004
2021-06-29,BANKBARODA,EQ,87.8,87.95,88.9,86.4,87.1,87.1,87.68,63682439,558339159345000.0,125437,10345636,0.1625
2021-06-30,BANKBARODA,EQ,87.1,87.25,88.05,85.55,85.95,85.9,86.98,37370434,325043949735000.0,71390,7327162,0.1961
2021-07-01,BANKBARODA,EQ,85.9,86.35,87.0,85.3,86.3,86.05,86.21,31593866,272376896035000.0,54102,4070423,0.1288
2021-07-02,BANKBARODA,EQ,86.05,86.1,86.45,84.75,85.2,85.2,85.55,34228365,292816251155000.0,58790,6157952,0.17989999999999998
2021-07-05,BANKBARODA,EQ,85.2,85.9,86.8,84.6,86.6,86.35,85.48,31309297,267638877565000.0,56607,5725806,0.1829
2021-07-06,BANKBARODA,EQ,86.35,86.5,87.2,85.2,85.35,85.5,86.25,38145342,329016844095000.0,59279,7536560,0.19760000000000003
2021-07-07,BANKBARODA,EQ,85.5,85.25,86.3,84.65,86.1,86.05,85.67,23304711,199655922375000.0,39047,3410650,0.1464
2021-07-08,BANKBARODA,EQ,86.05,86.0,87.0,82.8,83.55,83.5,85.04,45235131,384664673280000.0,75912,12119810,0.26789999999999997
2021-07-09,BANKBARODA,EQ,83.5,83.55,84.15,82.4,83.5,83.65,83.39,31246359,260573520744999.97,55932,4669148,0.1494
2021-07-12,BANKBARODA,EQ,83.65,84.4,84.65,83.0,83.2,83.3,83.95,24224250,203360830195000.0,45641,3543908,0.1463
2021-07-13,BANKBARODA,EQ,83.3,84.3,84.9,83.95,84.7,84.7,84.45,24138879,203862515210000.0,57316,5084681,0.21059999999999998
2021-07-14,BANKBARODA,EQ,84.7,84.5,85.15,84.05,84.25,84.25,84.64,34885927,295271048260000.0,95972,5558937,0.1593
2021-07-15,BANKBARODA,EQ,84.25,84.45,84.85,83.4,83.95,83.7,84.26,30304299,255358346819999.97,56392,5755451,0.18989999999999999
2021-07-16,BANKBARODA,EQ,83.7,84.0,84.1,81.4,81.9,81.7,82.38,48457529,399209499145000.0,86755,23904814,0.4933
2021-07-19,BANKBARODA,EQ,81.7,81.4,81.6,79.6,80.25,80.15,80.55,28260629,227627179705000.03,70591,9702725,0.3433
2021-07-20,BANKBARODA,EQ,80.15,80.0,80.5,78.4,78.75,78.9,79.29,27131176,215118938219999.97,73095,8009944,0.2952
2021-07-22,BANKBARODA,EQ,78.9,80.0,81.35,79.7,80.4,80.2,80.47,25556770,205655928365000.0,64111,6588656,0.25780000000000003
2021-07-23,BANKBARODA,EQ,80.2,80.1,80.6,79.0,79.8,79.85,79.75,23717707,189155419995000.0,71783,6996880,0.295
2021-07-26,BANKBARODA,EQ,79.85,79.8,80.2,79.0,79.75,79.75,79.66,21809569,173737192290000.0,43001,7976350,0.3657
2021-07-27,BANKBARODA,EQ,79.75,79.9,81.1,79.25,79.85,80.0,80.21,25418706,203894482380000.0,51860,5476286,0.2154
2021-07-28,BANKBARODA,EQ,80.0,80.0,80.15,76.9,78.25,78.05,78.23,30360309,237503312005000.03,71778,8913140,0.2936
2021-07-29,BANKBARODA,EQ,78.05,78.45,81.15,77.6,81.0,80.6,79.33,33487296,265658084894999.97,67474,7337093,0.21910000000000002
2021-07-30,BANKBARODA,EQ,80.6,80.6,81.5,79.8,80.5,80.3,80.39,23749505,190923610020000.0,55080,5601135,0.23579999999999998
2021-08-02,BANKBARODA,EQ,80.3,80.95,81.75,80.3,80.75,80.75,81.07,17536889,142173834455000.0,43900,3935150,0.22440000000000002
2021-08-03,BANKBARODA,EQ,80.75,80.9,83.0,80.55,82.75,82.65,81.67,38355785,313266324290000.0,75593,10185540,0.2656
2021-08-04,BANKBARODA,EQ,82.65,83.15,83.9,80.85,83.15,83.5,82.87,65116528,539605658055000.0,125239,13535549,0.2079
2021-08-05,BANKBARODA,EQ,83.5,83.7,83.7,80.8,82.25,82.45,82.18,47819469,392967101250000.0,87445,14564250,0.30460000000000004
2021-08-06,BANKBARODA,EQ,82.45,82.35,84.6,82.15,83.5,83.4,83.43,48295324,402918184070000.0,83245,13384376,0.2771
